0,314
0.634766,320.287
1.26953,326.56
1.9043,332.801
2.53906,338.996
3.17383,345.129
3.80859,351.184
4.44336,357.146
5.07813,363
5.71289,368.729
6.34766,374.321
6.98242,379.76
7.61719,385.032
8.25195,390.124
8.88672,395.023
9.52148,399.718
10.1563,404.195
10.791,408.445
11.4258,412.457
12.0605,416.221
12.6953,419.731
13.3301,422.976
13.9648,425.952
14.5996,428.651
15.2344,431.069
15.8691,433.201
16.5039,435.045
17.1387,436.598
17.7734,437.858
18.4082,438.827
19.043,439.503
19.6777,439.89
20.3125,439.988
20.9473,439.803
21.582,439.338
22.2168,438.598
22.8516,437.59
23.4863,436.321
24.1211,434.798
24.7559,433.031
25.3906,431.029
26.0254,428.802
26.6602,426.361
27.2949,423.718
27.9297,420.884
28.5645,417.873
29.1992,414.698
29.834,411.372
30.4688,407.91
31.1035,404.327
31.7383,400.636
32.373,396.854
33.0078,392.995
33.6426,389.075
34.2773,385.109
34.9121,381.113
35.5469,377.102
36.1816,373.092
36.8164,369.097
37.4512,365.132
38.0859,361.212
38.7207,357.351
39.3555,353.562
39.9902,349.858
40.625,346.253
41.2598,342.757
41.8945,339.382
42.5293,336.139
43.1641,333.036
43.7988,330.083
44.4336,327.288
45.0684,324.656
45.7031,322.195
46.3379,319.909
46.9727,317.802
47.6074,315.876
48.2422,314.133
48.877,312.574
49.5117,311.197
50.1465,310.002
50.7813,308.984
51.416,308.141
52.0508,307.467
52.6855,306.956
53.3203,306.602
53.9551,306.395
54.5898,306.329
55.2246,306.392
55.8594,306.575
56.4941,306.867
57.1289,307.257
57.7637,307.734
58.3984,308.286
59.0332,308.901
59.668,309.568
60.3027,310.277
60.9375,311.017
61.5723,311.779
62.207,312.555
62.8418,313.339
63.4766,314.125
64.1113,314.911
64.7461,315.695
65.3809,316.476
66.0156,317.254
66.6504,318.028
67.2852,318.799
67.9199,319.567
68.5547,320.332
69.1895,321.096
69.8242,321.858
70.459,322.62
71.0938,323.383
71.7285,324.147
72.3633,324.913
72.998,325.683
73.6328,326.456
74.2676,327.233
74.9023,328.016
75.5371,328.803
76.1719,329.596
76.8066,330.394
77.4414,331.197
78.0762,332.006
78.7109,332.819
79.3457,333.636
79.9805,334.457
80.6152,335.28
81.25,336.105
81.8848,336.93
82.5195,337.754
83.1543,338.577
83.7891,339.395
84.4238,340.208
85.0586,341.014
85.6934,341.811
86.3281,342.597
86.9629,343.371
87.5977,344.13
88.2324,344.873
88.8672,345.596
89.502,346.3
90.1367,346.98
90.7715,347.635
91.4063,348.263
92.041,348.862
92.6758,349.431
93.3105,349.966
93.9453,350.466
94.5801,350.93
95.2148,351.354
95.8496,351.739
96.4844,352.082
97.1191,352.381
97.7539,352.636
98.3887,352.844
99.0234,353.005
99.6582,353.117
100.293,353.18
100.928,353.193
101.563,353.154
102.197,353.063
102.832,352.92
103.467,352.723
104.102,352.474
104.736,352.171
105.371,351.815
106.006,351.405
106.641,350.942
107.275,350.426
107.91,349.858
108.545,349.237
109.18,348.564
109.814,347.84
110.449,347.066
111.084,346.243
111.719,345.371
112.354,344.451
112.988,343.485
113.623,342.474
114.258,341.418
114.893,340.32
115.527,339.179
116.162,337.999
116.797,336.78
117.432,335.524
118.066,334.232
118.701,332.906
119.336,331.548
119.971,330.16
120.605,328.743
121.24,327.3
121.875,325.832
122.51,324.342
123.145,322.831
123.779,321.304
124.414,319.761
125.049,318.207
125.684,316.643
126.318,315.073
126.953,313.501
127.588,311.93
128.223,310.365
128.857,308.812
129.492,307.277
130.127,305.767
130.762,304.29
131.396,302.854
132.031,301.467
132.666,300.137
133.301,298.873
133.936,297.683
134.57,296.574
135.205,295.555
135.84,294.633
136.475,293.814
137.109,293.107
137.744,292.515
138.379,292.046
139.014,291.703
139.648,291.491
140.283,291.413
140.918,291.474
141.553,291.673
142.188,292.014
142.822,292.497
143.457,293.122
144.092,293.888
144.727,294.794
145.361,295.838
145.996,297.017
146.631,298.329
147.266,299.768
147.9,301.33
148.535,303.01
149.17,304.803
149.805,306.701
150.439,308.698
151.074,310.787
151.709,312.959
152.344,315.207
152.979,317.522
153.613,319.895
154.248,322.317
154.883,324.779
155.518,327.27
156.152,329.781
156.787,332.302
157.422,334.823
158.057,337.333
158.691,339.823
159.326,342.283
159.961,344.702
160.596,347.07
161.23,349.378
161.865,351.616
162.5,353.774
163.135,355.844
163.77,357.817
164.404,359.685
165.039,361.438
165.674,363.07
166.309,364.574
166.943,365.941
167.578,367.167
168.213,368.246
168.848,369.171
169.482,369.939
170.117,370.545
170.752,370.986
171.387,371.259
172.021,371.362
172.656,371.293
173.291,371.051
173.926,370.635
174.561,370.048
175.195,369.288
175.83,368.359
176.465,367.261
177.1,366
177.734,364.577
178.369,362.998
179.004,361.267
179.639,359.39
180.273,357.372
180.908,355.221
181.543,352.943
182.178,350.546
182.813,348.038
183.447,345.427
184.082,342.722
184.717,339.931
185.352,337.065
185.986,334.131
186.621,331.14
187.256,328.101
187.891,325.023
188.525,321.915
189.16,318.787
189.795,315.646
190.43,312.502
191.064,309.361
191.699,306.232
192.334,303.125
192.969,300.048
193.604,297.012
194.238,294.027
194.873,291.104
195.508,288.253
196.143,285.484
196.777,282.809
197.412,280.236
198.047,277.777
198.682,275.44
199.316,273.235
199.951,271.17
200.586,269.254
201.221,267.493
201.855,265.894
202.49,264.465
203.125,263.21
203.76,262.133
204.395,261.24
205.029,260.533
205.664,260.014
206.299,259.686
206.934,259.549
207.568,259.603
208.203,259.848
208.838,260.282
209.473,260.903
210.107,261.708
210.742,262.693
211.377,263.854
212.012,265.185
212.646,266.681
213.281,268.335
213.916,270.14
214.551,272.089
215.186,274.172
215.82,276.382
216.455,278.709
217.09,281.143
217.725,283.674
218.359,286.292
218.994,288.985
219.629,291.744
220.264,294.556
220.898,297.409
221.533,300.293
222.168,303.196
222.803,306.105
223.438,309.01
224.072,311.897
224.707,314.756
225.342,317.575
225.977,320.342
226.611,323.048
227.246,325.68
227.881,328.228
228.516,330.682
229.15,333.033
229.785,335.271
230.42,337.388
231.055,339.375
231.689,341.224
232.324,342.929
232.959,344.483
233.594,345.881
234.229,347.117
234.863,348.187
235.498,349.087
236.133,349.816
236.768,350.37
237.402,350.748
238.037,350.951
238.672,350.979
239.307,350.832
239.941,350.513
240.576,350.025
241.211,349.371
241.846,348.556
242.48,347.584
243.115,346.463
243.75,345.198
244.385,343.796
245.02,342.266
245.654,340.615
246.289,338.853
246.924,336.988
247.559,335.031
248.193,332.991
248.828,330.878
249.463,328.702
250.098,326.473
250.732,324.201
251.367,321.895
252.002,319.564
252.637,317.217
253.271,314.86
253.906,312.502
254.541,310.148
255.176,307.806
255.811,305.487
256.445,303.201
257.08,300.962
257.715,298.784
258.35,296.68
258.984,294.665
259.619,292.754
260.254,290.962
260.889,289.304
261.523,287.794
262.158,286.445
262.793,285.272
263.428,284.286
264.063,283.498
264.697,282.92
265.332,282.56
265.967,282.427
266.602,282.528
267.236,282.869
267.871,283.454
268.506,284.287
269.141,285.37
269.775,286.704
270.41,288.287
271.045,290.117
271.68,292.193
272.314,294.508
272.949,297.058
273.584,299.834
274.219,302.83
274.854,306.036
275.488,309.441
276.123,313.034
276.758,316.802
277.393,320.733
278.027,324.812
278.662,329.024
279.297,333.354
279.932,337.786
280.566,342.302
281.201,346.886
281.836,351.519
282.471,356.184
283.105,360.862
283.74,365.535
284.375,370.184
285.01,374.791
285.645,379.336
286.279,383.802
286.914,388.17
287.549,392.421
288.184,396.539
288.818,400.506
289.453,404.305
290.088,407.92
290.723,411.335
291.357,414.535
291.992,417.506
292.627,420.234
293.262,422.707
293.896,424.912
294.531,426.839
295.166,428.478
295.801,429.819
296.436,430.857
297.07,431.582
297.705,431.99
298.34,432.077
298.975,431.838
299.609,431.273
300.244,430.379
300.879,429.158
301.514,427.61
302.148,425.739
302.783,423.548
303.418,421.042
304.053,418.227
304.688,415.112
305.322,411.703
305.957,408.012
306.592,404.048
307.227,399.823
307.861,395.35
308.496,390.642
309.131,385.713
309.766,380.579
310.4,375.255
311.035,369.756
311.67,364.101
312.305,358.306
312.939,352.389
313.574,346.367
314.209,340.258
314.844,334.079
315.479,327.848
316.113,321.581
316.748,315.295
317.383,309.007
318.018,302.729
318.652,296.478
319.287,290.264
319.922,284.1
320.557,277.996
321.191,271.964
321.826,266.013
322.461,260.152
323.096,254.39
323.73,248.734
324.365,243.194
325,237.776
325.635,232.488
326.27,227.337
326.904,222.328
327.539,217.469
328.174,212.765
328.809,208.223
329.443,203.848
330.078,199.645
330.713,195.619
331.348,191.775
331.982,188.117
332.617,184.651
333.252,181.379
333.887,178.305
334.521,175.434
335.156,172.766
335.791,170.305
336.426,168.054
337.061,166.013
337.695,164.185
338.33,162.57
338.965,161.169
339.6,159.982
340.234,159.009
340.869,158.248
341.504,157.698
342.139,157.358
342.773,157.225
343.408,157.297
344.043,157.571
344.678,158.042
345.313,158.707
345.947,159.561
346.582,160.6
347.217,161.817
347.852,163.207
348.486,164.764
349.121,166.481
349.756,168.352
350.391,170.369
351.025,172.525
351.66,174.812
352.295,177.222
352.93,179.748
353.564,182.38
354.199,185.112
354.834,187.933
355.469,190.837
356.104,193.815
356.738,196.859
357.373,199.96
358.008,203.11
358.643,206.303
359.277,209.531
359.912,212.785
360.547,216.061
361.182,219.35
361.816,222.648
362.451,225.949
363.086,229.247
363.721,232.539
364.355,235.821
364.99,239.088
365.625,242.338
366.26,245.57
366.895,248.782
367.529,251.972
368.164,255.14
368.799,258.288
369.434,261.415
370.068,264.523
370.703,267.614
371.338,270.69
371.973,273.755
372.607,276.81
373.242,279.861
373.877,282.909
374.512,285.958
375.146,289.012
375.781,292.074
376.416,295.147
377.051,298.232
377.686,301.331
378.32,304.444
378.955,307.571
379.59,310.708
380.225,313.852
380.859,316.996
381.494,320.133
382.129,323.259
382.764,326.37
383.398,329.463
384.033,332.536
384.668,335.589
385.303,338.62
385.938,341.631
386.572,344.622
387.207,347.594
387.842,350.547
388.477,353.483
389.111,356.403
389.746,359.308
390.381,362.199
391.016,365.076
391.65,367.939
392.285,370.788
392.92,373.624
393.555,376.446
394.189,379.251
394.824,382.04
395.459,384.811
396.094,387.561
396.729,390.288
397.363,392.989
397.998,395.661
398.633,398.3
399.268,400.904
399.902,403.467
400.537,405.986
401.172,408.457
401.807,410.874
402.441,413.232
403.076,415.528
403.711,417.755
404.346,419.909
404.98,421.985
405.615,423.977
406.25,425.88
406.885,427.69
407.52,429.4
408.154,431.007
408.789,432.506
409.424,433.891
410.059,435.159
410.693,436.305
411.328,437.325
411.963,438.216
412.598,438.974
413.232,439.596
413.867,440.078
414.502,440.419
415.137,440.616
415.771,440.666
416.406,440.569
417.041,440.322
417.676,439.925
418.311,439.377
418.945,438.678
419.58,437.826
420.215,436.824
420.85,435.67
421.484,434.365
422.119,432.912
422.754,431.31
423.389,429.561
424.023,427.668
424.658,425.632
425.293,423.455
425.928,421.139
426.563,418.688
427.197,416.103
427.832,413.387
428.467,410.544
429.102,407.577
429.736,404.488
430.371,401.28
431.006,397.958
431.641,394.524
432.275,390.982
432.91,387.336
433.545,383.589
434.18,379.744
434.814,375.806
435.449,371.779
436.084,367.665
436.719,363.471
437.354,359.2
437.988,354.857
438.623,350.446
439.258,345.974
439.893,341.444
440.527,336.865
441.162,332.242
441.797,327.583
442.432,322.896
443.066,318.19
443.701,313.473
444.336,308.758
444.971,304.057
445.605,299.38
446.24,294.741
446.875,290.152
447.51,285.627
448.145,281.178
448.779,276.819
449.414,272.561
450.049,268.419
450.684,264.402
451.318,260.525
451.953,256.798
452.588,253.233
453.223,249.839
453.857,246.627
454.492,243.606
455.127,240.784
455.762,238.17
456.396,235.77
457.031,233.591
457.666,231.639
458.301,229.917
458.936,228.43
459.57,227.181
460.205,226.172
460.84,225.404
461.475,224.878
462.109,224.593
462.744,224.547
463.379,224.739
464.014,225.166
464.648,225.823
465.283,226.706
465.918,227.809
466.553,229.126
467.188,230.651
467.822,232.374
468.457,234.289
469.092,236.385
469.727,238.653
470.361,241.084
470.996,243.665
471.631,246.385
472.266,249.234
472.9,252.199
473.535,255.266
474.17,258.424
474.805,261.659
475.439,264.959
476.074,268.309
476.709,271.696
477.344,275.106
477.979,278.527
478.613,281.943
479.248,285.343
479.883,288.712
480.518,292.038
481.152,295.308
481.787,298.51
482.422,301.632
483.057,304.662
483.691,307.59
484.326,310.404
484.961,313.096
485.596,315.655
486.23,318.075
486.865,320.345
487.5,322.461
488.135,324.415
488.77,326.203
489.404,327.819
490.039,329.261
490.674,330.526
491.309,331.613
491.943,332.52
492.578,333.247
493.213,333.797
493.848,334.172
494.482,334.373
495.117,334.407
495.752,334.277
496.387,333.99
497.021,333.552
497.656,332.971
498.291,332.254
498.926,331.412
499.561,330.453
500.195,329.387
500.83,328.224
501.465,326.976
502.1,325.653
502.734,324.265
503.369,322.823
504.004,321.338
504.639,319.819
505.273,318.276
505.908,316.716
506.543,315.147
507.178,313.575
507.813,312.004
508.447,310.44
509.082,308.89
509.717,307.363
510.352,305.871
510.986,304.423
511.621,303.034
512.256,301.714
512.891,300.479
513.525,299.34
514.16,298.311
514.795,297.404
515.43,296.634
516.064,296.01
516.699,295.545
517.334,295.248
517.969,295.131
518.604,295.201
519.238,295.465
519.873,295.931
520.508,296.605
521.143,297.489
521.777,298.588
522.412,299.903
523.047,301.434
523.682,303.182
524.316,305.145
524.951,307.319
525.586,309.701
526.221,312.285
526.855,315.064
527.49,318.031
528.125,321.179
528.76,324.496
529.395,327.973
530.029,331.598
530.664,335.359
531.299,339.243
531.934,343.237
532.568,347.325
533.203,351.494
533.838,355.728
534.473,360.01
535.107,364.325
535.742,368.655
536.377,372.986
537.012,377.298
537.646,381.576
538.281,385.802
538.916,389.959
539.551,394.031
540.186,398
540.82,401.851
541.455,405.567
542.09,409.132
542.725,412.532
543.359,415.75
543.994,418.774
544.629,421.589
545.264,424.183
545.898,426.544
546.533,428.659
547.168,430.518
547.803,432.112
548.438,433.431
549.072,434.468
549.707,435.216
550.342,435.667
550.977,435.819
551.611,435.666
552.246,435.205
552.881,434.435
553.516,433.355
554.15,431.965
554.785,430.267
555.42,428.262
556.055,425.955
556.689,423.35
557.324,420.452
557.959,417.269
558.594,413.808
559.229,410.077
559.863,406.087
560.498,401.847
561.133,397.369
561.768,392.665
562.402,387.748
563.037,382.632
563.672,377.331
564.307,371.86
564.941,366.234
565.576,360.468
566.211,354.58
566.846,348.585
567.48,342.5
568.115,336.341
568.75,330.126
569.385,323.87
570.02,317.589
570.654,311.3
571.289,305.017
571.924,298.756
572.559,292.53
573.193,286.354
573.828,280.243
574.463,274.209
575.098,268.265
575.732,262.426
576.367,256.703
577.002,251.109
577.637,245.654
578.271,240.351
578.906,235.21
579.541,230.241
580.176,225.455
580.811,220.861
581.445,216.467
582.08,212.282
582.715,208.314
583.35,204.569
583.984,201.054
584.619,197.776
585.254,194.738
585.889,191.946
586.523,189.403
587.158,187.113
587.793,185.078
588.428,183.3
589.063,181.78
589.697,180.517
590.332,179.513
590.967,178.765
591.602,178.272
592.236,178.03
592.871,178.038
593.506,178.29
594.141,178.782
594.775,179.508
595.41,180.463
596.045,181.64
596.68,183.031
597.314,184.629
597.949,186.425
598.584,188.41
599.219,190.574
599.854,192.907
600.488,195.4
601.123,198.04
601.758,200.818
602.393,203.721
603.027,206.738
603.662,209.855
604.297,213.063
604.932,216.347
605.566,219.696
606.201,223.097
606.836,226.538
607.471,230.007
608.105,233.492
608.74,236.98
609.375,240.459
610.01,243.92
610.645,247.35
611.279,250.74
611.914,254.078
612.549,257.356
613.184,260.565
613.818,263.696
614.453,266.742
615.088,269.695
615.723,272.551
616.357,275.302
616.992,277.946
617.627,280.478
618.262,282.896
618.896,285.197
619.531,287.381
620.166,289.448
620.801,291.398
621.436,293.234
622.07,294.958
622.705,296.574
623.34,298.085
623.975,299.498
624.609,300.818
625.244,302.051
625.879,303.205
626.514,304.287
627.148,305.305
627.783,306.267
628.418,307.182
629.053,308.057
629.688,308.901
630.322,309.721
630.957,310.525
631.592,311.318
632.227,312.105
632.861,312.89
633.496,313.676
634.131,314.462
634.766,315.247
635.4,316.026
636.035,316.795
636.67,317.548
637.305,318.277
637.939,318.974
638.574,319.63
639.209,320.238
639.844,320.788
640.479,321.271
641.113,321.678
641.748,322
642.383,322.229
643.018,322.356
643.652,322.374
644.287,322.276
644.922,322.056
645.557,321.707
646.191,321.225
646.826,320.606
647.461,319.846
648.096,318.942
648.73,317.894
649.365,316.7
650,315.36
650.635,313.875
651.27,312.247
651.904,310.478
652.539,308.572
653.174,306.533
653.809,304.366
654.443,302.077
655.078,299.672
655.713,297.159
656.348,294.544
656.982,291.837
657.617,289.047
658.252,286.183
658.887,283.254
659.521,280.272
660.156,277.247
660.791,274.19
661.426,271.112
662.061,268.026
662.695,264.942
663.33,261.873
663.965,258.831
664.6,255.827
665.234,252.874
665.869,249.983
666.504,247.167
667.139,244.437
667.773,241.803
668.408,239.279
669.043,236.873
669.678,234.597
670.313,232.462
670.947,230.475
671.582,228.647
672.217,226.987
672.852,225.502
673.486,224.201
674.121,223.09
674.756,222.176
675.391,221.464
676.025,220.96
676.66,220.668
677.295,220.592
677.93,220.735
678.564,221.099
679.199,221.686
679.834,222.496
680.469,223.531
681.104,224.788
681.738,226.267
682.373,227.965
683.008,229.88
683.643,232.007
684.277,234.343
684.912,236.883
685.547,239.62
686.182,242.549
686.816,245.662
687.451,248.952
688.086,252.41
688.721,256.027
689.355,259.795
689.99,263.703
690.625,267.741
691.26,271.899
691.895,276.165
692.529,280.528
693.164,284.977
693.799,289.5
694.434,294.085
695.068,298.72
695.703,303.393
696.338,308.092
696.973,312.806
697.607,317.523
698.242,322.231
698.877,326.917
699.512,331.57
700.146,336.175
700.781,340.719
701.416,345.187
702.051,349.566
702.686,353.842
703.32,358
703.955,362.028
704.59,365.911
705.225,369.637
705.859,373.193
706.494,376.569
707.129,379.752
707.764,382.732
708.398,385.5
709.033,388.046
709.668,390.363
710.303,392.443
710.938,394.281
711.572,395.871
712.207,397.209
712.842,398.291
713.477,399.115
714.111,399.679
714.746,399.984
715.381,400.03
716.016,399.819
716.65,399.353
717.285,398.636
717.92,397.672
718.555,396.467
719.189,395.027
719.824,393.359
720.459,391.472
721.094,389.374
721.729,387.075
722.363,384.585
722.998,381.916
723.633,379.079
724.268,376.085
724.902,372.949
725.537,369.684
726.172,366.302
726.807,362.819
727.441,359.248
728.076,355.605
728.711,351.904
729.346,348.161
729.98,344.391
730.615,340.608
731.25,336.829
731.885,333.067
732.52,329.339
733.154,325.659
733.789,322.041
734.424,318.5
735.059,315.049
735.693,311.701
736.328,308.469
736.963,305.366
737.598,302.402
738.232,299.589
738.867,296.937
739.502,294.456
740.137,292.153
740.771,290.037
741.406,288.114
742.041,286.389
742.676,284.869
743.311,283.557
743.945,282.455
744.58,281.565
745.215,280.889
745.85,280.425
746.484,280.172
747.119,280.128
747.754,280.29
748.389,280.652
749.023,281.209
749.658,281.955
750.293,282.882
750.928,283.982
751.563,285.245
752.197,286.662
752.832,288.221
753.467,289.913
754.102,291.724
754.736,293.643
755.371,295.658
756.006,297.756
756.641,299.925
757.275,302.152
757.91,304.426
758.545,306.736
759.18,309.07
759.814,311.42
760.449,313.778
761.084,316.136
761.719,318.489
762.354,320.832
762.988,323.161
763.623,325.473
764.258,327.762
764.893,330.026
765.527,332.262
766.162,334.466
766.797,336.637
767.432,338.772
768.066,340.869
768.701,342.925
769.336,344.938
769.971,346.906
770.605,348.827
771.24,350.7
771.875,352.523
772.51,354.292
773.145,356.008
773.779,357.669
774.414,359.271
775.049,360.815
775.684,362.297
776.318,363.718
776.953,365.074
777.588,366.366
778.223,367.59
778.857,368.747
779.492,369.834
780.127,370.851
780.762,371.797
781.396,372.669
782.031,373.469
782.666,374.195
783.301,374.845
783.936,375.421
784.57,375.921
785.205,376.346
785.84,376.694
786.475,376.967
787.109,377.164
787.744,377.286
788.379,377.333
789.014,377.307
789.648,377.207
790.283,377.036
790.918,376.793
791.553,376.481
792.188,376.101
792.822,375.654
793.457,375.143
794.092,374.569
794.727,373.934
795.361,373.24
795.996,372.49
796.631,371.686
797.266,370.83
797.9,369.924
798.535,368.972
799.17,367.975
799.805,366.936
800.439,365.859
801.074,364.744
801.709,363.596
802.344,362.416
802.979,361.207
803.613,359.972
804.248,358.712
804.883,357.429
805.518,356.127
806.152,354.807
806.787,353.471
807.422,352.12
808.057,350.757
808.691,349.382
809.326,347.996
809.961,346.601
810.596,345.198
811.23,343.788
811.865,342.37
812.5,340.945
813.135,339.513
813.77,338.074
814.404,336.629
815.039,335.176
815.674,333.716
816.309,332.248
816.943,330.771
817.578,329.285
818.213,327.789
818.848,326.284
819.482,324.768
820.117,323.242
820.752,321.705
821.387,320.158
822.021,318.603
822.656,317.039
823.291,315.471
823.926,313.899
824.561,312.327
825.195,310.757
825.83,309.191
826.465,307.626
827.1,306.061
827.734,304.49
828.369,302.909
829.004,301.313
829.639,299.695
830.273,298.049
830.908,296.367
831.543,294.645
832.178,292.874
832.813,291.049
833.447,289.165
834.082,287.214
834.717,285.194
835.352,283.099
835.986,280.926
836.621,278.672
837.256,276.334
837.891,273.913
838.525,271.407
839.16,268.816
839.795,266.142
840.43,263.387
841.064,260.552
841.699,257.643
842.334,254.663
842.969,251.617
843.604,248.51
844.238,245.35
844.873,242.144
845.508,238.899
846.143,235.622
846.777,232.324
847.412,229.012
848.047,225.697
848.682,222.389
849.316,219.097
849.951,215.832
850.586,212.605
851.221,209.427
851.855,206.308
852.49,203.26
853.125,200.293
853.76,197.418
854.395,194.646
855.029,191.988
855.664,189.454
856.299,187.054
856.934,184.799
857.568,182.697
858.203,180.759
858.838,178.992
859.473,177.406
860.107,176.009
860.742,174.807
861.377,173.808
862.012,173.019
862.646,172.445
863.281,172.091
863.916,171.964
864.551,172.065
865.186,172.4
865.82,172.972
866.455,173.782
867.09,174.832
867.725,176.123
868.359,177.657
868.994,179.432
869.629,181.448
870.264,183.704
870.898,186.197
871.533,188.926
872.168,191.886
872.803,195.075
873.438,198.488
874.072,202.12
874.707,205.966
875.342,210.019
875.977,214.274
876.611,218.725
877.246,223.362
877.881,228.18
878.516,233.169
879.15,238.32
879.785,243.626
880.42,249.076
881.055,254.659
881.689,260.367
882.324,266.188
882.959,272.111
883.594,278.125
884.229,284.217
884.863,290.376
885.498,296.587
886.133,302.838
886.768,309.116
887.402,315.404
888.037,321.69
888.672,327.956
889.307,334.188
889.941,340.368
890.576,346.481
891.211,352.508
891.846,358.435
892.48,364.246
893.115,369.922
893.75,375.449
894.385,380.811
895.02,385.993
895.654,390.98
896.289,395.76
896.924,400.318
897.559,404.641
898.193,408.72
898.828,412.542
899.463,416.098
900.098,419.379
900.732,422.376
901.367,425.083
902.002,427.495
902.637,429.605
903.271,431.41
903.906,432.907
904.541,434.095
905.176,434.973
905.811,435.541
906.445,435.8
907.08,435.754
907.715,435.406
908.35,434.761
908.984,433.824
909.619,432.602
910.254,431.102
910.889,429.334
911.523,427.307
912.158,425.031
912.793,422.516
913.428,419.777
914.063,416.824
914.697,413.671
915.332,410.333
915.967,406.823
916.602,403.158
917.236,399.352
917.871,395.423
918.506,391.384
919.141,387.255
919.775,383.051
920.41,378.789
921.045,374.487
921.68,370.161
922.314,365.828
922.949,361.506
923.584,357.211
924.219,352.958
924.854,348.766
925.488,344.647
926.123,340.619
926.758,336.695
927.393,332.89
928.027,329.216
928.662,325.686
929.297,322.312
929.932,319.105
930.566,316.074
931.201,313.228
931.836,310.576
932.471,308.123
933.105,305.877
933.74,303.84
934.375,302.017
935.01,300.41
935.645,299.02
936.279,297.846
936.914,296.888
937.549,296.142
938.184,295.604
938.818,295.27
939.453,295.133
940.088,295.187
940.723,295.422
941.357,295.83
941.992,296.4
942.627,297.121
943.262,297.981
943.896,298.969
944.531,300.071
945.166,301.275
945.801,302.567
946.436,303.933
947.07,305.362
947.705,306.84
948.34,308.356
948.975,309.899
949.609,311.459
950.244,313.029
950.879,314.601
951.514,316.172
952.148,317.739
952.783,319.302
953.418,320.858
954.053,322.41
954.688,323.959
955.322,325.506
955.957,327.054
956.592,328.605
957.227,330.163
957.861,331.729
958.496,333.308
959.131,334.901
959.766,336.513
960.4,338.144
961.035,339.798
961.67,341.477
962.305,343.182
962.939,344.915
963.574,346.676
964.209,348.466
964.844,350.285
965.479,352.132
966.113,354.008
966.748,355.91
967.383,357.837
968.018,359.787
968.652,361.758
969.287,363.746
969.922,365.748
970.557,367.761
971.191,369.781
971.826,371.804
972.461,373.824
973.096,375.837
973.73,377.839
974.365,379.823
975,381.785
975.635,383.719
976.27,385.619
976.904,387.48
977.539,389.295
978.174,391.059
978.809,392.767
979.443,394.411
980.078,395.987
980.713,397.49
981.348,398.912
981.982,400.249
982.617,401.497
983.252,402.649
983.887,403.7
984.521,404.647
985.156,405.485
985.791,406.209
986.426,406.816
987.061,407.302
987.695,407.664
988.33,407.899
988.965,408.004
989.6,407.976
990.234,407.814
990.869,407.516
991.504,407.08
992.139,406.505
992.773,405.791
993.408,404.938
994.043,403.944
994.678,402.81
995.313,401.537
995.947,400.125
996.582,398.575
997.217,396.89
997.852,395.07
998.486,393.118
999.121,391.036
999.756,388.826
1000.39,386.49
1001.03,384.033
1001.66,381.457
1002.29,378.765
1002.93,375.962
1003.56,373.051
1004.2,370.036
1004.83,366.921
1005.47,363.711
1006.1,360.411
1006.74,357.026
1007.37,353.56
1008.01,350.019
1008.64,346.41
1009.28,342.736
1009.91,339.006
1010.55,335.225
1011.18,331.399
1011.82,327.537
1012.45,323.645
1013.09,319.731
1013.72,315.804
1014.36,311.873
1014.99,307.947
1015.63,304.034
1016.26,300.141
1016.89,296.273
1017.53,292.434
1018.16,288.63
1018.8,284.864
1019.43,281.138
1020.07,277.454
1020.7,273.816
1021.34,270.225
1021.97,266.683
1022.61,263.191
1023.24,259.75
1023.88,256.363
1024.51,253.031
1025.15,249.756
1025.78,246.539
1026.42,243.382
1027.05,240.288
1027.69,237.258
1028.32,234.295
1028.96,231.4
1029.59,228.578
1030.22,225.829
1030.86,223.158
1031.49,220.567
1032.13,218.058
1032.76,215.636
1033.4,213.304
1034.03,211.063
1034.67,208.918
1035.3,206.872
1035.94,204.927
1036.57,203.088
1037.21,201.357
1037.84,199.737
1038.48,198.23
1039.11,196.841
1039.75,195.57
1040.38,194.421
1041.02,193.396
1041.65,192.496
1042.29,191.724
1042.92,191.081
1043.55,190.568
1044.19,190.186
1044.82,189.937
1045.46,189.82
1046.09,189.836
1046.73,189.985
1047.36,190.266
1048,190.679
1048.63,191.224
1049.27,191.898
1049.9,192.701
1050.54,193.631
1051.17,194.686
1051.81,195.865
1052.44,197.165
1053.08,198.582
1053.71,200.116
1054.35,201.763
1054.98,203.521
1055.62,205.386
1056.25,207.355
1056.88,209.425
1057.52,211.593
1058.15,213.857
1058.79,216.211
1059.42,218.654
1060.06,221.183
1060.69,223.794
1061.33,226.484
1061.96,229.25
1062.6,232.09
1063.23,235.001
1063.87,237.981
1064.5,241.027
1065.14,244.136
1065.77,247.307
1066.41,250.539
1067.04,253.828
1067.68,257.173
1068.31,260.573
1068.95,264.026
1069.58,267.531
1070.21,271.085
1070.85,274.688
1071.48,278.336
1072.12,282.031
1072.75,285.767
1073.39,289.542
1074.02,293.355
1074.66,297.2
1075.29,301.076
1075.93,304.975
1076.56,308.892
1077.2,312.819
1077.83,316.75
1078.47,320.674
1079.1,324.577
1079.74,328.448
1080.37,332.27
1081.01,336.027
1081.64,339.701
1082.28,343.276
1082.91,346.731
1083.54,350.05
1084.18,353.215
1084.81,356.206
1085.45,359.007
1086.08,361.601
1086.72,363.973
1087.35,366.107
1087.99,367.988
1088.62,369.606
1089.26,370.947
1089.89,372.002
1090.53,372.762
1091.16,373.219
1091.8,373.367
1092.43,373.202
1093.07,372.721
1093.7,371.922
1094.34,370.806
1094.97,369.373
1095.61,367.628
1096.24,365.574
1096.88,363.218
1097.51,360.567
1098.14,357.629
1098.78,354.416
1099.41,350.938
1100.05,347.208
1100.68,343.241
1101.32,339.049
1101.95,334.65
1102.59,330.062
1103.22,325.3
1103.86,320.385
1104.49,315.333
1105.13,310.168
1105.76,304.908
1106.4,299.575
1107.03,294.188
1107.67,288.772
1108.3,283.347
1108.94,277.935
1109.57,272.558
1110.21,267.237
1110.84,261.995
1111.47,256.854
1112.11,251.834
1112.74,246.955
1113.38,242.239
1114.01,237.706
1114.65,233.373
1115.28,229.26
1115.92,225.383
1116.55,221.76
1117.19,218.407
1117.82,215.337
1118.46,212.565
1119.09,210.103
1119.73,207.963
1120.36,206.154
1121,204.685
1121.63,203.564
1122.27,202.798
1122.9,202.39
1123.54,202.343
1124.17,202.661
1124.8,203.344
1125.44,204.389
1126.07,205.796
1126.71,207.559
1127.34,209.675
1127.98,212.135
1128.61,214.933
1129.25,218.057
1129.88,221.498
1130.52,225.244
1131.15,229.28
1131.79,233.594
1132.42,238.168
1133.06,242.988
1133.69,248.034
1134.33,253.29
1134.96,258.737
1135.6,264.354
1136.23,270.125
1136.87,276.026
1137.5,282.04
1138.13,288.145
1138.77,294.325
1139.4,300.557
1140.04,306.824
1140.67,313.11
1141.31,319.398
1141.94,325.675
1142.58,331.927
1143.21,338.143
1143.85,344.314
1144.48,350.433
1145.12,356.49
1145.75,362.481
1146.39,368.4
1147.02,374.242
1147.66,380.003
1148.29,385.676
1148.93,391.261
1149.56,396.751
1150.2,402.146
1150.83,407.439
1151.46,412.628
1152.1,417.71
1152.73,422.68
1153.37,427.536
1154,432.273
1154.64,436.887
1155.27,441.375
1155.91,445.732
1156.54,449.956
1157.18,454.039
1157.81,457.98
1158.45,461.773
1159.08,465.414
1159.72,468.899
1160.35,472.223
1160.99,475.382
1161.62,478.373
1162.26,481.19
1162.89,483.831
1163.53,486.29
1164.16,488.565
1164.79,490.654
1165.43,492.551
1166.06,494.255
1166.7,495.764
1167.33,497.074
1167.97,498.186
1168.6,499.096
1169.24,499.804
1169.87,500.31
1170.51,500.613
1171.14,500.713
1171.78,500.612
1172.41,500.31
1173.05,499.808
1173.68,499.109
1174.32,498.214
1174.95,497.127
1175.59,495.85
1176.22,494.387
1176.86,492.742
1177.49,490.918
1178.13,488.92
1178.76,486.753
1179.39,484.42
1180.03,481.929
1180.66,479.283
1181.3,476.488
1181.93,473.549
1182.57,470.472
1183.2,467.263
1183.84,463.927
1184.47,460.469
1185.11,456.895
1185.74,453.211
1186.38,449.421
1187.01,445.531
1187.65,441.545
1188.28,437.466
1188.92,433.302
1189.55,429.054
1190.19,424.727
1190.82,420.323
1191.46,415.846
1192.09,411.299
1192.72,406.685
1193.36,402.004
1193.99,397.258
1194.63,392.45
1195.26,387.581
1195.9,382.652
1196.53,377.663
1197.17,372.617
1197.8,367.514
1198.44,362.355
1199.07,357.143
1199.71,351.878
1200.34,346.564
1200.98,341.205
1201.61,335.803
1202.25,330.365
1202.88,324.896
1203.52,319.406
1204.15,313.905
1204.79,308.403
1205.42,302.913
1206.05,297.448
1206.69,292.015
1207.32,286.623
1207.96,281.278
1208.59,275.987
1209.23,270.757
1209.86,265.591
1210.5,260.495
1211.13,255.471
1211.77,250.524
1212.4,245.658
1213.04,240.876
1213.67,236.181
1214.31,231.576
1214.94,227.065
1215.58,222.65
1216.21,218.335
1216.85,214.123
1217.48,210.018
1218.12,206.024
1218.75,202.143
1219.38,198.378
1220.02,194.734
1220.65,191.216
1221.29,187.825
1221.92,184.566
1222.56,181.443
1223.19,178.46
1223.83,175.619
1224.46,172.926
1225.1,170.382
1225.73,167.992
1226.37,165.759
1227,163.686
1227.64,161.776
1228.27,160.032
1228.91,158.455
1229.54,157.048
1230.18,155.813
1230.81,154.752
1231.45,153.866
1232.08,153.156
1232.71,152.622
1233.35,152.265
1233.98,152.084
1234.62,152.079
1235.25,152.25
1235.89,152.595
1236.52,153.112
1237.16,153.8
1237.79,154.656
1238.43,155.679
1239.06,156.864
1239.7,158.209
1240.33,159.71
1240.97,161.364
1241.6,163.166
1242.24,165.113
1242.87,167.2
1243.51,169.421
1244.14,171.774
1244.78,174.252
1245.41,176.851
1246.04,179.567
1246.68,182.393
1247.31,185.325
1247.95,188.358
1248.58,191.489
1249.22,194.711
1249.85,198.02
1250.49,201.413
1251.12,204.884
1251.76,208.431
1252.39,212.048
1253.03,215.734
1253.66,219.485
1254.3,223.298
1254.93,227.171
1255.57,231.101
1256.2,235.087
1256.84,239.126
1257.47,243.219
1258.11,247.362
1258.74,251.556
1259.38,255.799
1260.01,260.09
1260.64,264.431
1261.28,268.818
1261.91,273.251
1262.55,277.729
1263.18,282.251
1263.82,286.813
1264.45,291.414
1265.09,296.05
1265.72,300.716
1266.36,305.407
1266.99,310.115
1267.63,314.831
1268.26,319.545
1268.9,324.249
1269.53,328.931
1270.17,333.587
1270.8,338.211
1271.44,342.799
1272.07,347.348
1272.71,351.854
1273.34,356.316
1273.97,360.733
1274.61,365.104
1275.24,369.427
1275.88,373.702
1276.51,377.928
1277.15,382.103
1277.78,386.23
1278.42,390.303
1279.05,394.324
1279.69,398.29
1280.32,402.2
1280.96,406.053
1281.59,409.844
1282.23,413.572
1282.86,417.234
1283.5,420.828
1284.13,424.348
1284.77,427.792
1285.4,431.155
1286.04,434.434
1286.67,437.625
1287.3,440.722
1287.94,443.72
1288.57,446.615
1289.21,449.403
1289.84,452.078
1290.48,454.635
1291.11,457.07
1291.75,459.377
1292.38,461.552
1293.02,463.589
1293.65,465.485
1294.29,467.236
1294.92,468.837
1295.56,470.283
1296.19,471.572
1296.83,472.7
1297.46,473.664
1298.1,474.462
1298.73,475.09
1299.37,475.547
